<?xml version="1.0" encoding="utf-8" standalone="yes" ?>
<Window sizebox="4,4,6,6" caption="0,0,0,30" roundcorner="16,16" size="560,280" mininfo="560,280" opacity="true" transparency="0">
    <Font name="宋体" size="14" bold="false" italic="false" default="true" />
    <Font name="宋体" size="14" bold="true" italic="false" />
    <Default name="VScrollBar" value="button1normalimage=&quot;file='vscroll.png' source='0,0,16,16'&quot; button1hotimage=&quot;file='vscroll.png' source='0,0,16,16' mask='#FFFF00FF'&quot; button1pushedimage=&quot;file='vscroll.png' source='0,16,16,32' mask='#FFFF00FF'&quot; button1disabledimage=&quot;file='vscroll.png' source='0,0,16,16' mask='#FFFF00FF'&quot; button2normalimage=&quot;file='vscroll.png' source='0,32,16,48' mask='#FFFF00FF'&quot; button2hotimage=&quot;file='vscroll.png' source='0,32,16,48' mask='#FFFF00FF'&quot; button2pushedimage=&quot;file='vscroll.png' source='0,48,16,64' mask='#FFFF00FF'&quot; button2disabledimage=&quot;file='vscroll.png' source='0,32,16,48' mask='#FFFF00FF'&quot; thumbnormalimage=&quot;file='vscroll.png' source='0,64,16,80' corner='2,2,2,2' mask='#FFFF00FF'&quot; thumbhotimage=&quot;file='vscroll.png' source='0,64,16,80' corner='2,2,2,2' mask='#FFFF00FF'&quot; thumbpushedimage=&quot;ffile='vscroll.png' source='0,64,16,80' corner='2,2,2,2' mask='#FFFF00FF'&quot; thumbdisabledimage=&quot;file='vscroll.png' source='0,64,16,80' corner='2,2,2,2' mask='#FFFF00FF'&quot; railnormalimage=&quot;file='vscroll.png' source='0,80,16,96' corner='2,2,2,2' mask='#FFFF00FF'&quot; railhotimage=&quot;file='vscroll.png' source='0,80,16,96' corner='2,2,2,2' mask='#FFFF00FF'&quot; railpushedimage=&quot;file='vscroll.png' source='0,96,16,112' corner='2,2,2,2' mask='#FFFF00FF'&quot; raildisabledimage=&quot;file='vscroll.png' source='0,80,16,96' corner='2,2,2,2' mask='#FFFF00FF'&quot; bknormalimage=&quot;file='vscroll.png' source='0,128,16,146' corner='2,2,2,2' mask='#FFFF00FF'&quot; bkhotimage=&quot;file='vscroll.png' source='0,128,16,146' corner='2,2,2,2' mask='#FFFF00FF'&quot; bkpushedimage=&quot;file='vscroll.png' source='0,128,16,146' corner='2,2,2,2' mask='#FFFF00FF'&quot; bkdisabledimage=&quot;file='vscroll.png' source='0,128,16,146' corner='2,2,2,2' mask='#FFFF00FF'&quot; " />
    <Default name="HScrollBar" value="button1normalimage=&quot;file='hscroll.png' source='0,0,16,16'&quot; button1hotimage=&quot;file='hscroll.png' source='0,0,16,16' mask='#FFFF00FF'&quot; button1pushedimage=&quot;file='hscroll.png' source='0,16,32,16' mask='#FFFF00FF'&quot; button1disabledimage=&quot;file='hscroll.png' source='0,0,16,16' mask='#FFFF00FF'&quot; button2normalimage=&quot;file='hscroll.png' source='32,0,48,16' mask='#FFFF00FF'&quot; button2hotimage=&quot;file='hscroll.png' source='32,0,48,16' mask='#FFFF00FF'&quot; button2pushedimage=&quot;file='vscroll.png' source='48,0,64,16' mask='#FFFF00FF'&quot; button2disabledimage=&quot;file='hscroll.png' source='32,0,48,16' mask='#FFFF00FF'&quot; thumbnormalimage=&quot;file='hscroll.png' source='64,0,80,16' corner='2,2,2,2' mask='#FFFF00FF'&quot; thumbhotimage=&quot;file='hscroll.png' source='64,0,80,16' corner='2,2,2,2' mask='#FFFF00FF'&quot; thumbpushedimage=&quot;ffile='hscroll.png' source='64,0,80,16' corner='2,2,2,2' mask='#FFFF00FF'&quot; thumbdisabledimage=&quot;file='hscroll.png' source='64,0,80,16' corner='2,2,2,2' mask='#FFFF00FF'&quot; railnormalimage=&quot;file='hscroll.png' source='80,0,96,16' corner='2,2,2,2' mask='#FFFF00FF'&quot; railhotimage=&quot;file='hscroll.png' source='80,0,96,16' corner='2,2,2,2' mask='#FFFF00FF'&quot; railpushedimage=&quot;file='hscroll.png' source='96,0,112,16' corner='2,2,2,2' mask='#FFFF00FF'&quot; raildisabledimage=&quot;file='hscroll.png' source='80,0,96,16' corner='2,2,2,2' mask='#FFFF00FF'&quot; bknormalimage=&quot;file='hscroll.png' source='128,0,146,16' corner='2,2,2,2' mask='#FFFF00FF'&quot; bkhotimage=&quot;file='hscroll.png' source='128,0,146,16' corner='2,2,2,2' mask='#FFFF00FF'&quot; bkpushedimage=&quot;file='hscroll.png' source='128,0,146,16' corner='2,2,2,2' mask='#FFFF00FF'&quot; bkdisabledimage=&quot;file='hscroll.png' source='128,0,146,16' corner='2,2,2,2' mask='#FFFF00FF'&quot; " />
    <Default name="Option" value="textcolor=&quot;#FF386382&quot; selectedtextcolor=&quot;#FFFF0000&quot; textpadding=&quot;0,0,0,2&quot; align=&quot;left&quot; bordercolor=&quot;#FF768D9B&quot; bordersize=&quot;0&quot; " />
    <VerticalLayout bordersize="0" bkimage="file='msgbox.png' corner='3,45,3,35' mask='0xffffffff'" bkcolor="#FFE8D1F5" bkcolor2="#FFE0C6F1" bordercolor="#FF8D769B">
        <Button name="okbtn" text="确定" float="true" pos="440,179,540,209" bkcolor="#FFEFB9D1" bkcolor2="#FF767576" bordercolor="#FF000000" textcolor="#FF000000" disabledtextcolor="#FFAAA7A6" align="center" normalimage="file='btncommon.png' source='0,0,69,21' mask='0xffffffff'" hotimage="file='btncommon.png' source='69,0,138,21' mask='0xffffffff'" pushedimage="file='btncommon.png' source='138,0,207,21' mask='0xffffffff'" focusedimage="file='btncommon.png' source='69,0,138,21' mask='0xffffffff'" />
        <Container bordersize="0" float="true" pos="25,45,73,93" bkimage="file='personalization.png' mask='0xffffffff'" />
        <Button name="closebtn" float="true" pos="498,8,540,25" bkcolor="#FFEFB9D1" bkcolor2="#FF767576" bordercolor="#FF000000" textcolor="#FF000000" disabledtextcolor="#FFAAA7A6" align="center" normalimage="file='closebtn.png' source='0,0,42,17' mask='0xffffffff'" hotimage="file='closebtn.png' source='42,0,84,17' mask='0xffffffff'" pushedimage="file='closebtn.png' source='84,0,126,17' mask='0xffffffff'" />
        <Label name="version" text="UIDesigner Version 1.1.0.0 beta" bordersize="0" float="true" pos="98,44,518,74" textcolor="#FFFF0000" disabledtextcolor="#FFA6AAA7" />
        <Label name="copyright" text="Copyright (C) 2011 achellies All Right Reserved." bordersize="0" float="true" pos="98,77,455,107" textcolor="#FF0000FF" disabledtextcolor="#FFA6A7AA" />
        <Text name="comment" bordersize="0" float="true" pos="25,111,552,197" textpadding="2,0,2,0" textcolor="#FF948B8E" disabledtextcolor="#FFAAA7A6" showhtml="true" align="wrap" />
    </VerticalLayout>
</Window>
