﻿<?xml version="1.0" encoding="utf-8"?>
<Window sizebox="4,4,6,6" caption="0,0,0,30" mininfo="800,570" roundcorner="20,20" >
<Font name="宋体" size="14" bold="false" default="true" />
<Font name="宋体" size="14" bold="true"/>
  <Default name="VScrollBar" value="button1normalimage=&quot;file='vscroll.png' source='0,0,16,16'&quot; button1hotimage=&quot;file='vscroll.png' source='0,0,16,16' mask='#FFFF00FF'&quot; button1pushedimage=&quot;file='vscroll.png' source='0,16,16,32' mask='#FFFF00FF'&quot; button1disabledimage=&quot;file='vscroll.png' source='0,0,16,16' mask='#FFFF00FF'&quot; button2normalimage=&quot;file='vscroll.png' source='0,32,16,48' mask='#FFFF00FF'&quot; button2hotimage=&quot;file='vscroll.png' source='0,32,16,48' mask='#FFFF00FF'&quot; button2pushedimage=&quot;file='vscroll.png' source='0,48,16,64' mask='#FFFF00FF'&quot; button2disabledimage=&quot;file='vscroll.png' source='0,32,16,48' mask='#FFFF00FF'&quot; thumbnormalimage=&quot;file='vscroll.png' source='0,64,16,80' corner='2,2,2,2' mask='#FFFF00FF'&quot; thumbhotimage=&quot;file='vscroll.png' source='0,64,16,80' corner='2,2,2,2' mask='#FFFF00FF'&quot; thumbpushedimage=&quot;ffile='vscroll.png' source='0,64,16,80' corner='2,2,2,2' mask='#FFFF00FF'&quot; thumbdisabledimage=&quot;file='vscroll.png' source='0,64,16,80' corner='2,2,2,2' mask='#FFFF00FF'&quot; railnormalimage=&quot;file='vscroll.png' source='0,80,16,96' corner='2,2,2,2' mask='#FFFF00FF'&quot; railhotimage=&quot;file='vscroll.png' source='0,80,16,96' corner='2,2,2,2' mask='#FFFF00FF'&quot; railpushedimage=&quot;file='vscroll.png' source='0,96,16,112' corner='2,2,2,2' mask='#FFFF00FF'&quot; raildisabledimage=&quot;file='vscroll.png' source='0,80,16,96' corner='2,2,2,2' mask='#FFFF00FF'&quot; bknormalimage=&quot;file='vscroll.png' source='0,128,16,146' corner='2,2,2,2' mask='#FFFF00FF'&quot; bkhotimage=&quot;file='vscroll.png' source='0,128,16,146' corner='2,2,2,2' mask='#FFFF00FF'&quot; bkpushedimage=&quot;file='vscroll.png' source='0,128,16,146' corner='2,2,2,2' mask='#FFFF00FF'&quot; bkdisabledimage=&quot;file='vscroll.png' source='0,128,16,146' corner='2,2,2,2' mask='#FFFF00FF'&quot; " />
  <Default name="HScrollBar" value="button1normalimage=&quot;file='hscroll.png' source='0,0,16,16'&quot; button1hotimage=&quot;file='hscroll.png' source='0,0,16,16' mask='#FFFF00FF'&quot; button1pushedimage=&quot;file='hscroll.png' source='16,0,32,16' mask='#FFFF00FF'&quot; button1disabledimage=&quot;file='hscroll.png' source='0,0,16,16' mask='#FFFF00FF'&quot; button2normalimage=&quot;file='hscroll.png' source='32,0,48,16' mask='#FFFF00FF'&quot; button2hotimage=&quot;file='hscroll.png' source='32,0,48,16' mask='#FFFF00FF'&quot; button2pushedimage=&quot;file='hscroll.png' source='48,0,64,16' mask='#FFFF00FF'&quot; button2disabledimage=&quot;file='hscroll.png' source='32,0,48,16' mask='#FFFF00FF'&quot; thumbnormalimage=&quot;file='hscroll.png' source='64,0,80,16' corner='2,2,2,2' mask='#FFFF00FF'&quot; thumbhotimage=&quot;file='hscroll.png' source='64,0,80,16' corner='2,2,2,2' mask='#FFFF00FF'&quot; thumbpushedimage=&quot;ffile='hscroll.png' source='64,0,80,16' corner='2,2,2,2' mask='#FFFF00FF'&quot; thumbdisabledimage=&quot;file='hscroll.png' source='64,0,80,16' corner='2,2,2,2' mask='#FFFF00FF'&quot; railnormalimage=&quot;file='hscroll.png' source='80,0,96,16' corner='2,2,2,2' mask='#FFFF00FF'&quot; railhotimage=&quot;file='hscroll.png' source='80,0,96,16' corner='2,2,2,2' mask='#FFFF00FF'&quot; railpushedimage=&quot;file='hscroll.png' source='96,0,112,16' corner='2,2,2,2' mask='#FFFF00FF'&quot; raildisabledimage=&quot;file='hscroll.png' source='80,0,96,16' corner='2,2,2,2' mask='#FFFF00FF'&quot; bknormalimage=&quot;file='hscroll.png' source='128,0,146,16' corner='2,2,2,2' mask='#FFFF00FF'&quot; bkhotimage=&quot;file='hscroll.png' source='128,0,146,16' corner='2,2,2,2' mask='#FFFF00FF'&quot; bkpushedimage=&quot;file='hscroll.png' source='128,0,146,16' corner='2,2,2,2' mask='#FFFF00FF'&quot; bkdisabledimage=&quot;file='hscroll.png' source='128,0,146,16' corner='2,2,2,2' mask='#FFFF00FF'&quot; " />
  <Default name="Option" value="textcolor=&quot;#FF0000FF&quot; selectedtextcolor=&quot;#FFFF0000&quot; textpadding=&quot;0,0,0,2&quot; align=&quot;left&quot; bordercolor=&quot;#FF768D9B&quot; bordersize=&quot;0&quot; " />
  <VerticalLayout bkcolor="#FFE9EEEE" vscrollbar="true" bordercolor="#FF3863FF" bordersize="2">
    <HorizontalLayout height="32">
      <HorizontalLayout bkimage="tree_top.png" >
        <Label align="center" textcolor="#FF000000" />
      </HorizontalLayout>
    </HorizontalLayout>
    <TabLayout bkcolor="#FFE9EEEE" name="Tab" inset="10,3,3,3">
      <VerticalLayout name="toolbox" vscrollbar="true">
        <Option name="Pointer" tooltip="指针, 按Ctrol键并单击控件可以选中控件，拖动控件位置以及调整控件大小，按Shit键可以多选。" showhtml="true" fitallArea="false" selectedimage="Control_ContextMenu.png" normalimage="Control_ContextMenu.png" text="{x 5}{u}Pointer{/u}" selected="true" group="true"/>
        <Option name="Label" tooltip="文本，可显示单行或多行文字" showhtml="true" fitallArea="false" selectedimage="Control_Label.png" normalimage="Control_Label.png" text="{x 5}{u}Label" group="true"/>
        <Option name="Edit" tooltip="单文本输入框，可设置成密码框或者数字框" showhtml="true" fitallArea="false" selectedimage="Control_TextBox.png" normalimage="Control_TextBox.png" text="{x 5}{u}Edit{/u}" group="true"/>
        <Option name="Button" tooltip="按钮，可以设置normalimage/pushedimage等做出不同样式的按钮。" showhtml="true" fitallArea="false" selectedimage="Control_Button.png" normalimage="Control_Button.png" text="{x 5}{u}Button{/u}" group="true"/>
        <Option name="CheckBox" tooltip="复选框，通过selectedimage/normalimage可以模拟出复选框的样式。" showhtml="true" fitallArea="false" selectedimage="Control_Checkbox.png" normalimage="Control_Checkbox.png" text="{x 5}{u}CheckBox{/u}" group="true"/>
        <Option name="RadioBox" tooltip="单选框，通过selectedimage/normalimage可以模拟出单选框的样式。" showhtml="true" fitallArea="false" selectedimage="Control_RadioButton.png" normalimage="Control_RadioButton.png" text="{x 5}{u}RadioBox{/u}" group="true"/>
        <Option name="HSlider" showhtml="true" fitallArea="false" selectedimage="Control_HTrackBar.png" normalimage="Control_HTrackBar.png" text="{x 5}{u}HSlider{/u}" group="true"/>
        <Option name="VSlider" showhtml="true" fitallArea="false" selectedimage="Control_VTrackBar.png" normalimage="Control_VTrackBar.png" text="{x 5}{u}VSlider{/u}" group="true"/>
        <Option name="HProgress" tooltip="水平进度条" showhtml="true" fitallArea="false" selectedimage="Control_HProgressBar.png" normalimage="Control_HProgressBar.png" text="{x 5}{u}HProgress{/u}" group="true"/>
        <Option name="VProgress" tooltip="垂直进度条" showhtml="true" fitallArea="false" selectedimage="Control_VProgressBar.png" normalimage="Control_VProgressBar.png" text="{x 5}{u}VProgress{/u}" group="true"/>
        <Option name="HScrollbar" tooltip="水平滚动条" showhtml="true" fitallArea="false" selectedimage="Control_HScrollBar.png" normalimage="Control_HScrollBar.png" text="{x 5}{u}HScrollbar{/u}" group="true"/>
        <Option name="VScrollbar" tooltip="垂直滚动条" showhtml="true" fitallArea="false" selectedimage="Control_VScrollBar.png" normalimage="Control_VScrollBar.png" text="{x 5}{u}VScrollbar{/u}" group="true"/>
        <Option name="Combox" showhtml="true" fitallArea="false" selectedimage="Control_ComboBox.png" normalimage="Control_ComboBox.png" text="{x 5}{u}Combox{/u}" group="true"/>
        <Option name="List" tooltip="列表框，可以设置多列。" showhtml="true" fitallArea="false" selectedimage="Control_ListBox.png" normalimage="Control_ListBox.png" text="{x 5}{u}List{/u}" group="true"/>
        <Option name="Tree" showhtml="true" fitallArea="false" selectedimage="Control_TreeView.png" normalimage="Control_TreeView.png" text="{x 5}{u}Tree{/u}" group="true"/>
        <Option name="TabControl" showhtml="true" fitallArea="false" selectedimage="Control_TabControl.png" normalimage="Control_TabControl.png" text="{x 5}{u}TabControl{/u}" group="true"/>
        <Option name="TabLayout" showhtml="true" fitallArea="false" selectedimage="Control_TableLayoutPanel.png" normalimage="Control_TableLayoutPanel.png" text="{x 5}{u}TabLayout{/u}" group="true"/>
        <Option name="Container" showhtml="true" fitallArea="false" selectedimage="Control_Panel.png" normalimage="Control_Panel.png" text="{x 5}{u}Container{/u}" group="true"/>
        <Option name="HorizontalLayout" showhtml="true" fitallArea="false" selectedimage="Control_HorizontalLayout.png" normalimage="Control_HorizontalLayout.png" text="{x 5}{u}HorizontalLayout{/u}" group="true"/>
        <Option name="VerticalLayout" showhtml="true" fitallArea="false" selectedimage="Control_VerticalLayout.png" normalimage="Control_VerticalLayout.png" text="{x 5}{u}VerticalLayout{/u}" group="true"/>
        <Option name="RichEdit" showhtml="true" fitallArea="false" selectedimage="Control_RichTextBox.png" normalimage="Control_RichTextBox.png" text="{x 5}{u}RichEdit{/u}" group="true"/>
        <Option name="ActiveX" showhtml="true" fitallArea="false" selectedimage="Control_ActiveDocumentHost.png" normalimage="Control_ActiveDocumentHost.png" text="{x 5}{u}ActiveX{/u}" group="true"/>
      </VerticalLayout>
      <VerticalLayout name="object_view">
        <ObjectList name="object_list" header="hidden" hscrollbar="true" vscrollbar="true" header="hidden" itemhotimage="file='tree_hot.bmp' corner='2,1,2,1' " itemselectedimage="file='tree_select.bmp' corner='2,1,2,1'" itemlinecolor="#FFE4EAF2"/>
      </VerticalLayout>
    </TabLayout>
    <VerticalLayout height="32">
      <HorizontalLayout>
        <Option align="center" text="工具箱" name="toolbox_btn" textcolor="#FF0000FF" selectedtextcolor="#FF000000" normalimage="file='tab.png' source='0,0,56,16' corner='2,2,2,2'" hotimage="file='tab.png' source='56,0,112,16' corner='2,2,2,2'" selectedimage="file='tab.png' source='112,0,168,16' corner='2,2,2,2'" group="true1" selected="true" />
        <Option align="center" text="对象查看器" name="object_view_btn" textcolor="#FF0000FF" selectedtextcolor="#FF000000" normalimage="file='tab.png' source='0,0,56,16' corner='2,2,2,2'" hotimage="file='tab.png' source='56,0,112,16' corner='2,2,2,2'" selectedimage="file='tab.png' source='112,0,168,16' corner='2,2,2,2'" group="true1"/>
      </HorizontalLayout>
    </VerticalLayout>
  </VerticalLayout>
</Window>